Article ID,Type
7165,FOI
554,Common
235,Common
236,Common
773,Common
8272,Event
324,Data collection
1148,Common
234,footer
293,tool
1026,
8486,
6838,FOI
6839,FOI
7032,FOI
7031,FOI
7361,list
7030,FOI
7033,FOI
7522,FOI
7575,FOI
7574,FOI
7573,FOI
7570,FOI
7569,FOI
7568,FOI
7576,FOI
7567,FOI
7577,FOI
7566,FOI
7565,FOI
7564,FOI
7563,FOI
7562,FOI
7561,FOI
7560,FOI
7559,FOI
7558,FOI
7557,FOI
7555,FOI
7556,FOI
7550,FOI
7549,FOI
7551,FOI
7548,FOI
7547,FOI
7544,FOI
7545,FOI
7546,FOI
7543,FOI
7541,FOI
7542,FOI
7540,FOI
7538,FOI
7539,FOI
7537,FOI
7536,FOI
7535,FOI
7533,FOI
7532,FOI
7531,FOI
7534,FOI
7530,FOI
7529,FOI
7528,FOI
7527,FOI
7526,FOI
7523,FOI
7524,FOI
7525,FOI
7519,FOI
7520,FOI
7521,FOI
7518,FOI
7517,FOI
7028,FOI
7029,FOI
7024,FOI
7027,FOI
7025,FOI
7026,FOI
7023,FOI
7022,FOI
7021,FOI
7020,FOI
7019,FOI
7018,FOI
7017,FOI
7015,FOI
7016,FOI
7014,FOI
7013,FOI
7012,FOI
7011,FOI
7010,FOI
7007,FOI
7008,FOI
7009,FOI
7006,FOI
7005,FOI
7004,FOI
7003,FOI
7001,FOI
7002,FOI
7000,FOI
6999,FOI
6998,FOI
6996,FOI
6997,FOI
6995,FOI
6994,FOI
6993,FOI
6992,FOI
6991,FOI
6990,FOI
6989,FOI
6988,FOI
6987,FOI
6985,FOI
6983,FOI
6986,FOI
6984,FOI
6982,FOI
6980,FOI
6981,FOI
6979,FOI
6978,FOI
6976,FOI
6977,FOI
6975,FOI
6973,FOI
6972,FOI
6974,FOI
6971,FOI
6970,FOI
6969,FOI
6968,FOI
6967,FOI
6966,FOI
6965,FOI
6964,FOI
6963,FOI
6961,FOI
6962,FOI
6959,FOI
6960,FOI
6958,FOI
6957,FOI
6956,FOI
6955,FOI
6954,FOI
6953,FOI
6952,FOI
6951,FOI
6949,FOI
6948,FOI
6947,FOI
6946,FOI
6945,FOI
6939,FOI
6940,FOI
6938,FOI
6936,FOI
6935,FOI
6934,FOI
6933,FOI
6932,FOI
6931,FOI
6930,FOI
6928,FOI
6927,FOI
6918,FOI
6773,FOI
6775,FOI
6778,FOI
6779,FOI
6780,FOI
6776,FOI
6777,FOI
6774,FOI
960,Service
976,Service
966,Service
989,service child page
1138,service child page
1110,Service child page
1139,Service child page
980,Service
978,Service child page
956,Service child page
953,Service child page
952,Service child page
942,Service child page
933,Service child page
985,Service child page
957,Service child page
939,Service
937,Service
974,Service
986,Service
936,Service
973,Service
961,Service
959,Service
935,Service
941,Service
7352,News article
1195,News article
1250,News article
1242,News article
1270,News article
1227,News article
1277,News article
1313,News article
1286,News article
1319,News article
1329,News article
1328,News article
1333,News article
1330,News article
1361,News article
1386,News article
1365,News article
1415,News article
1399,News article
1392,News article
1448,News article
1442,News article
1479,News article
1493,News article
1491,News article
1494,News article
1495,News article
1499,News article
6657,News article
6671,News article
6659,News article
7691,data hub page
7899,data hub page
7692,data hub page
1535,data hub page
1534,data hub page
1434,data hub page
1433,data hub page
7034,data hub page
1429,data hub page
7035,data hub page
1345,data hub page
6770,News article
6672,News article
6869,News article
1136,News article
894,News article
841,News article
813,News article
811,News article
969,News article
8141,News article
7170,News article
6941,News article
898,News article
943,News article
7987,News article
1115,News article
7676,News article
810,News article
784,News article
785,News article
783,News article
786,News article
787,News article
788,News article
790,News article
789,News article
395,News article
332,News article
508,News article
506,News article
549,News article
869,News article
861,News article
860,News article
863,News article
876,News article
902,News article
923,News article
926,News article
944,News article
930,News article
970,News article
982,News article
1002,News article
1130,News article
1044,News article
1057,News article
1065,News article
1189,News article
1149,News article
1154,News article
1284,Clinical audit/Data set
1562,document download page
1561,
1563,
1557,
1558,
1559,
1556,
1555,
7858,News article
8577,News article
8729,News article
7896,News article
7778,News article
8007,News article
7933,News article
7584,News article
7057,News article
6896,News article
7150,News article
7164,News article
7181,News article
7190,News article
7185,News article
7319,News article
7316,News article
7378,News article
7383,News article
7611,News article
7610,News article
7612,News article
7614,News article
7744,News article
7721,News article
7712,News article
7769,News article
7746,News article
7707,News article
7795,News article
7791,News article
7785,News article
7813,News article
7850,News article
7859,News article
7895,News article
7903,News article
7927,News article
7908,News article
7961,News article
7929,News article
7974,News article
8005,News article
7972,News article
7971,News article
8037,News article
8058,News article
8032,News article
8070,News article
8069,News article
8257,News article
8265,News article
8267,News article
8359,News article
8364,News article
8370,News article
8394,News article
8396,News article
8403,News article
1424,News article
8438,Data Provision Notice
8437,Data Provision Notice
8436,Data Provision Notice
8435,Data Provision Notice
8434,Data Provision Notice
8707,Data Provision Notice
8706,Data Provision Notice
8256,Data Provision Notice
8259,Data Provision Notice
8261,Data Provision Notice
8260,Data Provision Notice
1475,Data Provision Notice
8255,Data Provision Notice
1423,Data Provision Notice
8020,Data Provision Notice
7209,Data Provision Notice
1470,Data Provision Notice
7211,Data Provision Notice
1426,Data Provision Notice
1459,Data Provision Notice
1425,Data Provision Notice
1428,Data Provision Notice
7210,Data Provision Notice
1472,Data Provision Notice
7212,Data Provision Notice
1422,Data Provision Notice
8703,Data Provision Notice
8705,Data Provision Notice
7208,Data Provision Notice
8704,Data Provision Notice
8258,Data Provision Notice
8262,Data Provision Notice
8284,
8286,
8285,
8758,
8746,
8358,
8357,
8356,
8319,
8354,
8318,
8330,
8355,
8303,
8304,
1017,
8353,
7786,Service child page
8397,Service child page
1096,Service child page
1094,Service child page
7734,Service child page
1092,Service child page
7315,Service child page
7359,Service child page
1093,Service child page
7787,Service child page
1018,Service child page
1019,Service child page
1087,Service child page
1089,Service child page
1088,Service child page
1086,Service child page
1085,Service child page
1082,Service child page
1083,Service child page
1080,Service child page
1081,Service child page
1084,Service child page
1079,Service child page
1078,Service child page
1077,Service child page
1074,Service child page
1075,Service child page
1076,Service child page
1023,Service child page
1073,Service child page
1072,Service child page
8302,Service child page
1022,Service child page
8301,Service child page
8300,Service child page
8299,Service child page
8298,Service child page
8296,Service child page
8294,Service child page
8295,Service child page
8297,Service child page
8293,Service child page
8292,Service child page
8290,Service child page
8289,Service child page
8291,Service child page
8329,Service child page
8328,Service child page
8326,Service child page
8325,Service child page
8324,Service child page
8323,Service child page
8321,Service child page
8322,Service child page
8320,Service child page
8317,Service child page
8316,Service child page
8311,Service child page
8327,Service child page
8313,Service child page
8314,Service child page
8312,Service child page
8310,Service child page
8315,Service child page
8309,Service child page
8307,Service child page
8306,Service child page
8308,Service child page
8352,Service child page
8351,Service child page
8349,Service child page
8350,Service child page
8348,Service child page
8346,Service child page
8347,Service child page
8345,Service child page
8344,Service child page
8340,Service child page
8339,Service child page
8337,Service child page
8341,Service child page
8336,Service child page
8334,Service child page
8335,Service child page
8333,Service child page
8763,Service child page
8762,Service child page
8761,Service child page
8759,Service child page
8757,Service child page
8760,Service child page
8755,Service child page
8756,Service child page
8754,Service child page
8753,Service child page
8752,Service child page
8750,Service child page
8748,Service child page
8751,Service child page
8710,News article
7990,corporate report
1188,Service child page
7504,Service child page
8161,Service child page
752,Service child page
1012,Service child page
1011,Service child page
1360,Service child page
753,Service child page
8012,Service child page
1483,Service child page
8010,Service child page
1419,Service child page
1268,Service child page
7609,Service child page
1252,Service child page
934,Service child page
1474,Service child page
761,Service child page
8013,Service child page
1009,Service child page
7705,corporate report
6894,Service child page
7272,Service child page
977,Service child page
1456,
1458,
6925,Service child page
1454,
6675,
8853,FOI
8765,Service child page
8713,Service child page
6845,Service child page
8569,Service child page
1013,Service child page
7387,Service child page
8711,Service child page
1014,Service child page
8863,Service child page
8672,Service child page
817,corporate publication
404,common
7154,child page or 'guidance'?
7111,child page or 'guidance'?
1201,child page or 'guidance'?
1200,child page or 'guidance'?
1226,child page or 'guidance'?
8776,FOI
8770,FOI
8771,FOI
8772,FOI
8773,FOI
8064,Service child page
8062,Service child page
7928,Service child page
8063,Service child page
8774,FOI
8769,FOI
764,Service child page
8775,FOI
8777,FOI
8778,FOI
8779,FOI
8781,FOI
8784,FOI
8386,Service child page
8785,FOI
8780,FOI
8782,FOI
8787,FOI
8786,FOI
8788,FOI
7145,child page or guidance?
8790,FOI
7144,child page or guidance?
8789,FOI
8791,FOI
8792,FOI
8793,FOI
8794,FOI
8796,FOI
8795,FOI
8798,FOI
8797,FOI
8799,FOI
8801,FOI
8800,FOI
8802,FOI
8803,FOI
8805,FOI
8804,FOI
8806,FOI
8807,FOI
8808,FOI
8809,FOI
8810,FOI
8811,FOI
8813,FOI
8815,FOI
8818,FOI
8816,FOI
8814,FOI
8812,FOI
8817,FOI
8819,FOI
8820,FOI
8822,FOI
8825,FOI
8824,FOI
8823,FOI
7147,child page or guidance
7148,child page or guidance
8826,FOI
8821,FOI
8827,FOI
8828,FOI
8829,FOI
8831,FOI
8830,FOI
8832,FOI
8833,FOI
8834,FOI
8836,FOI
8835,FOI
8837,FOI
8838,FOI
8839,FOI
8843,FOI
8842,FOI
8844,FOI
8845,FOI
8841,FOI
8846,FOI
8840,FOI
8847,FOI
8848,FOI
8849,FOI
8850,FOI
8851,FOI
8852,FOI
8854,FOI
8855,FOI
8857,FOI
8856,FOI
8858,FOI
8859,FOI
1203,Direction
8071,Direction
7104,child page or guidance
7140,child page or guidance
8571,
7152,child page or guidance
7142,child page or guidance
7151,child page or guidance
7138,child page or guidance
7136,child page or guidance
8377,service child page
7124,child page or guidance
7119,child page or guidance
7118,child page or guidance
7116,child page or guidance
7115,child page or guidance
8572,
8573,
7113,child page or guidance
7183,child page or guidance
8574,
7122,child page or guidance
7121,child page or guidance
7127,child page or guidance
7126,child page or guidance
1064,Service child page
1099,Service child page
7130,child page or guidance
7129,child page or guidance
7134,child page or guidance
7133,child page or guidance
7132,child page or guidance
7109,child page or guidance
7108,child page or guidance
7102,child page or guidance
7101,child page or guidance
7099,child page or guidance
7093,child page or guidance
7096,child page or guidance
7089,child page or guidance
7088,child page or guidance
7159,child page or guidance
7155,child page or guidance
7087,child page or guidance
7091,child page or guidance
7095,child page or guidance
7098,child page or guidance
7107,child page or guidance
7085,child page or guidance
7076,child page or guidance
7075,child page or guidance
7079,child page or guidance
7078,child page or guidance
7073,child page or guidance
7064,child page or guidance
7061,child page or guidance
7058,child page or guidance
7063,child page or guidance
7047,child page or guidance
7038,child page or guidance
7045,child page or guidance
7046,child page or guidance
7069,child page or guidance
7042,child page or guidance
7043,child page or guidance
7068,child page or guidance
7066,child page or guidance
7072,child page or guidance
7081,child page or guidance
7082,child page or guidance
765,Service child page
8677,Service child page
8679,Service child page
8566,Service child page
8681,Service child page
8402,
1266,Service child page
8139,Service child page
8693,Service child page
8716,News article
7277,Service child page
1289,
8697,data hub page
862,Service child page
8553,service
7275,Service child page
1193,Service child page
1147,Service child page
7307,Service child page
8392,Service child page
1340,Service child page
833,Service child page
8548,Service child page
8497,News article
1528,Service child page
7965,Service child page
7918,Service child page
7166,Service child page
7309,Service child page
7306,Service child page
7305,Service child page
7919,Service child page
7883,Service child page
7882,Service child page
7300,Service child page
1500,News article
7285,person
7287,person
7283,person
8446,News article
1278,Service child page
750,Service child page
1341,Service child page
7505,Service child page
1523,Service child page
7188,Service child page
7184,News article
829,Service child page
7515,Service child page
1238,Service child page
7217,Service child page
1515,
1262,Service child page
1249,Service child page
1412,corporate publication
7040,Service child page
914,Service child page
1243,Service child page
8158,Service child page
7288,Person
1441,Service child page
1107,Service child page
296,service
1246,Service child page
8415,News article
7770,Service
7263,Service child page
7905,Service child page
1141,
8498,Service child page
8015,Service child page
7981,Service child page
8242,FOI
7337,event
7980,Service child page
7979,Service child page
7978,Service child page
6662,Service child page
6664,Service child page
6665,Service child page
8057,Person
8055,Person
8052,Person
8054,Person
6670,Service child page
6668,Service child page
8167,FOI
8169,FOI
8171,FOI
8170,FOI
8166,FOI
8212,FOI
8172,FOI
8173,FOI
8174,FOI
8175,FOI
8176,FOI
8178,FOI
8177,FOI
8179,FOI
8183,FOI
8180,FOI
8182,FOI
8185,FOI
8184,FOI
8186,FOI
8187,FOI
8188,FOI
8189,FOI
8190,FOI
8191,FOI
8192,FOI
8193,FOI
8194,FOI
8196,FOI
8195,FOI
8197,FOI
8198,FOI
8199,FOI
8200,FOI
8202,FOI
8203,FOI
8201,FOI
8204,FOI
8206,FOI
8205,FOI
8208,FOI
8207,FOI
8209,FOI
8210,FOI
8211,FOI
8213,FOI
8214,FOI
8215,FOI
8216,FOI
8217,FOI
8220,FOI
8219,FOI
8221,FOI
8218,FOI
8222,FOI
8223,FOI
8225,FOI
8224,FOI
8226,FOI
8227,FOI
8228,FOI
8229,FOI
8230,FOI
8231,FOI
8233,FOI
8232,FOI
8234,FOI
8235,FOI
8236,FOI
8237,FOI
8239,FOI
8240,FOI
8238,FOI
8241,FOI
8243,FOI
8244,FOI
8245,FOI
8246,FOI
8247,FOI
8253,FOI
8252,FOI
8250,FOI
8251,FOI
8249,FOI
8248,FOI
6667,Service child page
8254,FOI
6666,Service child page
6663,Service child page
457,Service child page
7282,Person
7262,Service child page
7230,Service child page
7695,Service child page
1030,Event
7865,Service child page
7227,Service child page
7229,Service child page
7226,Service child page
500,
7916,Service child page
1036,Service child page
7372,Service child page
7674,Service child page
7871,Service child page
7872,Service child page
7870,Service child page
7374,Service child page
8624,FOI
1224,Service child page
1287,Service child page
1209,Service child page
7917,Service child page
7851,Service child page
7915,Service child page
7914,Service child page
8647,FOI
8580,FOI
8584,FOI
8588,FOI
8583,FOI
8581,FOI
8579,FOI
8582,FOI
8585,FOI
8586,FOI
8587,FOI
1234,Service child page
8589,FOI
8591,FOI
8590,FOI
8592,FOI
8595,FOI
8594,FOI
7500,Service child page
8593,FOI
8596,FOI
8597,FOI
8598,FOI
8599,FOI
8600,FOI
8601,FOI
8602,FOI
8604,FOI
8603,FOI
8605,FOI
8607,FOI
7284,
8608,FOI
8606,FOI
8609,FOI
8610,FOI
8611,FOI
8612,FOI
8613,FOI
8614,FOI
8615,FOI
8616,FOI
8617,FOI
8621,FOI
8618,FOI
8620,FOI
8619,FOI
8622,FOI
8625,FOI
8623,FOI
8626,FOI
8764,FOI
8627,FOI
8628,FOI
8629,FOI
8630,FOI
8631,FOI
8632,FOI
8633,FOI
8634,FOI
8635,FOI
8636,FOI
8637,FOI
8638,FOI
8640,FOI
8639,FOI
8642,FOI
8643,FOI
8641,FOI
7661,FOI
7660,FOI
7647,FOI
8644,FOI
8645,FOI
8646,FOI
8648,FOI
8650,FOI
8651,FOI
8649,FOI
1144,Service child page
1309,
8652,FOI
8654,FOI
8655,FOI
8653,FOI
1183,News article
7631,FOI
1159,News article
7672,FOI
7677,FOI
7686,FOI
7685,FOI
7684,FOI
7683,FOI
7681,FOI
1290,Service child page
1308,Service child page
1307,Service child page
1306,Service child page
1304,Service child page
6919,Service child page
1305,Service child page
1404,News article
7338,News article
1162,News article
1161,News article
1160,News article
7682,FOI
7680,FOI
7679,FOI
7385,Service child page
7386,Service child page
7673,FOI
7671,FOI
7678,FOI
7670,FOI
7668,FOI
7669,FOI
7667,FOI
7666,FOI
7665,FOI
7664,FOI
7663,FOI
7659,FOI
7662,FOI
7658,FOI
7655,FOI
7656,FOI
7657,FOI
7654,FOI
7653,FOI
7652,FOI
7650,FOI
7651,FOI
7649,FOI
7648,FOI
7646,FOI
7644,FOI
7645,FOI
7643,FOI
7642,FOI
7641,FOI
8092,FOI
8084,FOI
7640,FOI
7638,FOI
7639,FOI
7637,FOI
7636,FOI
7635,FOI
7634,FOI
7633,FOI
7632,FOI
7629,FOI
7630,FOI
7628,FOI
7627,FOI
7626,FOI
7625,FOI
8117,FOI
8114,FOI
8118,FOI
8105,FOI
8109,FOI
8108,FOI
8110,FOI
8135,FOI
8134,FOI
8111,FOI
8112,FOI
8113,FOI
8119,FOI
8115,FOI
8120,FOI
8122,FOI
8123,FOI
8124,FOI
8125,FOI
8126,FOI
8127,FOI
8130,FOI
8128,FOI
7293,Person
8129,FOI
8131,FOI
8132,FOI
8133,FOI
8138,FOI
8137,FOI
8107,FOI
8136,FOI
8106,FOI
8104,FOI
1310,Service child page
1407,Service child page
1405,Service child page
1025,Service child page
822,Service child page
830,Service child page
1292,Service child page
7286,Person
7280,Person
1020,Service child page
8103,FOI
8102,FOI
7427,News article
8100,FOI
8097,FOI
8099,FOI
8096,FOI
8095,FOI
8101,FOI
8094,FOI
8091,FOI
8093,FOI
8090,FOI
7789,Service child page
8089,FOI
8088,FOI
8036,FOI
8074,FOI
8087,FOI
8086,FOI
8085,FOI
8082,FOI
8083,FOI
8080,FOI
8081,FOI
8079,FOI
8077,FOI
8076,FOI
8078,FOI
8075,FOI
7624,FOI
8656,FOI
8658,FOI
8659,FOI
8657,FOI
7281,Person
7279,Person
8660,FOI
8661,FOI
8662,FOI
8663,FOI
8665,FOI
8666,FOI
8668,FOI
8664,FOI
8667,FOI
8669,FOI
8670,FOI
831,Service child page
7913,Service child page
7909,Service child page
7910,Service child page
7912,Service child page
868,Service child page
7911,Service child page
7699,Service child page
519,Service child page
1516,Service child page
301,Service
7722,Service child page
1469,
7377,Person
7158,Person
7157,Person
7864,Service child page
7869,Service child page
7863,Service child page
7862,Service child page
7867,Service child page
7868,Service child page
7866,Service child page
8051,Person
8050,Person
8048,Person
8047,Person
8056,Person
8049,Person
1032,Event
8016,Service child page
8145,Direction
8146,Direction
8181,FOI
8116,FOI
8098,FOI
8121,FOI
7675,Service child page
283,Service child page
824,Service child page
7596,corporate publication
7720,corporate publication
7591,corporate publication
7590,corporate publication
7589,corporate publication
7588,corporate publication
7719,corporate publication
7587,corporate publication
8281,Service child page
7906,Service child page
576,Service child page
7904,Service child page
1225,Service child page
1127,Service child page
1547,Service child page
1548,Service child page
269,Service child page
7572,Service child page
1007,Service child page
947,Service child page
1322,Service child page
1378,Service child page
8053,Person
7289,Person
7290,Person
7291,Person
7268,Service child page
7270,Service child page
8885,Service child page
7696,Service child page
7292,Person
1186,Service child page
6851,
938,corporate publication
1142,corporate publication
8021,corporate publication
1218,corporate publication
252,
1437,Service child page
1342,
1254,
1034,
1414,Service
6921,guidance?
8439,News article
915,Service child page
1062,Service child page
913,Service child page
8073,Service child page
1024,Service child page
7257,Service child page
7881,Service child page
7880,Service child page
7879,Service child page
7878,Service child page
7877,Service child page
846,Service child page
1222,Service child page
849,Service child page
7727,Service child page
1223,Service child page
7356,Service child page
7777,Service child page
7304,Service child page
8552,News article
782,Service
7350,Service child page
7349,Service child page
7351,Service child page
7348,Service child page
7346,Service child page
7344,Service child page
7347,Service child page
7343,Service child page
7341,Service child page
7339,Service child page
8558,News article
8271,Service child page
1540,Service child page
7358,Service child page
1529,Service child page
7228,Service child page
8452,Service child page
819,Service child page
7354,Service child page
8688,Service child page
1152,Service child page
827,Service child page
825,Service child page
826,Service child page
823,Service child page
843,Service child page
853,Service child page
821,Service child page
7231,Service child page
7997,
1119,Service child page
751,Service child page
8152,data report?
8717,News article
7203,corporate publication
7201,corporate publication
7202,corporate publication
7200,corporate publication
7199,corporate publication
7196,corporate publication
7197,corporate publication
7198,corporate publication
7204,corporate publication
7195,corporate publication
7189,corporate publication
7968,
7969,
7967,
1385,
1383,Service
1381,Service
1406,Service
1455,Service
1457,Service
1466,Service
7054,Service child page
8343,Service child page
7276,Service child page
7274,Service child page
7273,Service child page
7053,Service child page
7052,Service child page
7051,Service child page
7050,Service child page
6923,Service child page
6924,Service child page
6922,Service child page
8387,Service child page
8862,Service child page
929,Service child page
1039,Service child page
1047,Service child page
1129,Service child page
837,Service child page
7989,corporate publication
1063,Service child page
7976,Service child page
7223,deleted
804,
803,
8043,
919,
1197,
1527,
1447,service
1480,
1410,
507,
542,
1320,
1478,
237,
7749,
8554,
1191,
1190,
1258,
1068,
872,
873,
1091,
855,
8724,
8725,
1143,
254,
1554,
7996,
8011,
8155,
8164,
8044,
8160,
8163,
8006,
310,
6784,FOI
6801,FOI
6802,FOI
6785,FOI
6783,FOI
6786,FOI
6781,FOI
6803,FOI
6804,FOI
6805,FOI
6800,FOI
6807,FOI
6809,FOI
6810,FOI
6811,FOI
6806,FOI
6812,FOI
6808,FOI
6813,FOI
6816,FOI
6814,FOI
6815,FOI
6818,FOI
6817,FOI
6820,FOI
6825,FOI
6821,FOI
6824,FOI
6822,FOI
6823,FOI
6826,FOI
6827,FOI
6828,FOI
6819,FOI
6829,FOI
6830,FOI
6832,FOI
6833,FOI
6834,FOI
6835,FOI
6837,FOI
6916,FOI
6840,FOI
6841,FOI
6755,FOI
6787,FOI
6836,FOI
6842,FOI
6754,FOI
6753,FOI
6749,FOI
6751,FOI
1104,
1108,
1117,
762,
1204,Board meeting/minutes/agenda
795,Event
794,Event
7357,Event
796,Event
793,Event
951,Event
7902,Event
7278,Person
7900,Event
303,
7935,
311,
8701,
8692,
7313,
7875,
7417,
7380,
7379,
7423,